Workbook

Sheet Executive Summary
A1: Multi-Platform Quick-Commerce Ad Campaign — Q-Plan Simulation
A2: Mock end-to-end campaign project across Blinkit, Amazon, and Flipkart Ads | Practice project for BA Intern interview
A4: Project Scope: | B4: Simulates managing a ₹3,00,000 monthly ad budget across 3 platforms — includes A/B creative testing, platform-level ROAS comparison, and a final budget reallocation plan with projected impact.
A6: Total Monthly Budget | C6: Total Conversions (Current) | E6: Blended ROAS (Current) | G6: Projected ROAS (After Reallocation)
A7: =Platform_Summary!B9 -> 300000 | C7: =Platform_Summary!F9 -> 187 | E7: =Platform_Summary!G9 -> 0.28883333 | G7: =Reallocation_Plan!G9 -> 0.33004167
A9: How to read this workbook:
A10: 1. Platform_Summary — current performance across Blinkit, Amazon, Flipkart
A11: 2. AB_Test_Results — creative A vs B test run on the weakest platform
A12: 3. Reallocation_Plan — proposed new budget split and projected impact
A13: 4. Insights_Report — the written recommendation, as if presenting to a manager

Sheet Platform_Summary
A1: Current Platform Performance — Month 1
A3: Platform | B3: Budget (₹) | C3: Impressions | D3: Clicks | E3: CTR (%) | F3: Conversions | G3: ROAS | H3: Avg Order Value (₹)
A4: Blinkit | B4: 120000 | C4: 480000 | D4: 14200 | E4: =D4/C4 -> 0.029583333 | F4: 92 | G4: =(F4*H4)/B4 -> 0.32966667 | H4: 430
A5: Amazon | B5: 100000 | C5: 350000 | D5: 9800 | E5: =D5/C5 -> 0.028 | F5: 61 | G5: =(F5*H5)/B5 -> 0.3111 | H5: 510
A6: Flipkart | B6: 80000 | C6: 260000 | D6: 6100 | E6: =D6/C6 -> 0.023461538 | F6: 34 | G6: =(F6*H6)/B6 -> 0.19975 | H6: 470
A7: TOTAL / BLENDED | B7: =SUM(B4:B6) -> 300000 | C7: =SUM(C4:C6) -> 1090000 | D7: =SUM(D4:D6) -> 30100 | E7: =D7/C7 -> 0.027614679 | F7: =SUM(F4:F6) -> 187 | G7: =SUMPRODUCT(F4:F6,H4:H6)/B7 -> 0.28883333
A9: (reference values used by Executive Summary tab — same as totals row above) | B9: =B7 -> 300000 | F9: =F7 -> 187 | G9: =G7 -> 0.28883333

Sheet AB_Test_Results
A1: A/B Creative Test — Flipkart (Lowest ROAS Platform)
A2: Flipkart had the weakest ROAS in Month 1, so we tested two ad creatives over a 2-week period to see which improves performance before reallocating budget.
A4: Creative | B4: Impressions | C4: Clicks | D4: CTR (%) | E4: Conversions | F4: Conv. Rate (%) | G4: Winner?
A5: Creative A — Discount-led banner ("Flat 20% off") | B5: 130000 | C5: 3100 | D5: =C5/B5 -> 0.023846154 | E5: 78 | F5: =E5/C5 -> 0.02516129 | G5: =IF(F5>F6,"✅ Winner","")
A6: Creative B — Speed-led banner ("Delivered in 10 min") | B6: 130000 | C6: 3650 | D6: =C6/B6 -> 0.028076923 | E6: 121 | F6: =E6/C6 -> 0.033150685 | G6: =IF(F6>F5,"✅ Winner","") -> ✅ Winner
A8: Statistical note: | B8: Creative B shows a meaningfully higher conversion rate with an equal sample size (130K impressions each), so the difference is unlikely to be due to chance alone.

Sheet Reallocation_Plan
A1: Proposed Budget Reallocation — Month 2
A2: Based on Month 1 ROAS and the winning A/B creative, here is the proposed new budget split (same total ₹3,00,000 budget) and projected impact.
A4: Platform | B4: Current Budget (₹) | C4: Proposed Budget (₹) | D4: Change (%) | E4: Current ROAS | F4: Assumed New ROAS | G4: Projected Conversions
A5: Blinkit | B5: 120000 | C5: 150000 | D5: =(C5-B5)/B5 -> 0.25 | E5: =Platform_Summary!G4 -> 0.32966667 | F5: =E5*1.05 -> 0.34615 | G5: =(C5*F5)/Platform_Summary!H4 -> 120.75
A6: Amazon | B6: 100000 | C6: 100000 | D6: =(C6-B6)/B6 -> 0 | E6: =Platform_Summary!G5 -> 0.3111 | F6: =E6 -> 0.3111 | G6: =(C6*F6)/Platform_Summary!H5 -> 61
A7: Flipkart | B7: 80000 | C7: 50000 | D7: =(C7-B7)/B7 -> -0.375 | E7: =Platform_Summary!G6 -> 0.19975 | F7: =E7*1.6 -> 0.3196 | G7: =(C7*F7)/Platform_Summary!H6 -> 34
A8: TOTAL | B8: =SUM(B5:B7) -> 300000 | C8: =SUM(C5:C7) -> 300000 | G8: =SUM(G5:G7) -> 215.75
A9: Blended projected ROAS (ref for summary): | G9: =SUMPRODUCT(C5:C7,F5:F7)/C8 -> 0.33004167

Sheet Insights_Report
A1: Manager-Facing Summary
A3: 1. Current state: | B3: Blinkit delivers the strongest ROAS of the three platforms, Amazon is mid-tier, and Flipkart is the weakest performer despite a meaningful ₹80,000 budget — conversions there are too low for the spend.
A5: 2. A/B test finding: | B5: On Flipkart, a speed-led creative ("Delivered in 10 min") outperformed a discount-led creative on conversion rate, at equal impression volume. Messaging around speed resonates more than a generic discount for this platform's audience.
A7: 3. Action taken: | B7: Proposed shifting ₹30,000 from Flipkart to Blinkit (the strongest platform), while keeping a smaller, more efficient Flipkart budget running the winning creative — rather than cutting Flipkart entirely.
A9: 4. Projected impact: | B9: This reallocation is projected to lift blended ROAS while keeping the same total monthly budget — same spend, better return, based on Month 1 data and A/B test results.
A11: 5. Next step if this were real: | B11: Run the new budget split for 2 weeks, re-measure ROAS per platform, and confirm the Flipkart creative win holds at full budget before making it permanent.
A14: How I'd explain this in an interview:
A15: This project simulates owning a full campaign cycle rather than just analyzing one slice of data: I compared performance across three platforms, ran an A/B test on the weakest one to find out why it was underperforming, then used both findings to build a new budget plan with a projected ROAS improvement. It's meant to mirror the 'full ownership of execution' part of the JD — going from raw numbers to an actual decision, the way I'd expect to do day-to-day in this role.
